1,Star Wars: The Last Jedi,BV,"$619,116,325","4,232","$220,009,584","4,232",12/15,-
2,Beauty and the Beast (2017),BV,"$504,014,165","4,210","$174,750,616","4,210",3/17,7/13
3,Wonder Woman,WB,"$412,563,408","4,165","$103,251,471","4,165",6/2,11/9
4,Jumanji: Welcome to the Jungle,Sony,"$393,139,443","3,849","$36,169,328","3,765",12/20,-
5,Guardians of the Galaxy Vol. 2,BV,"$389,813,101","4,347","$146,510,104","4,347",5/5,9/21
6,Spider-Man: Homecoming,Sony,"$334,201,140","4,348","$117,027,503","4,348",7/7,11/30
7,It,WB (NL),"$327,481,748","4,148","$123,403,419","4,103",9/8,12/14
8,Thor: Ragnarok,BV,"$314,965,819","4,080","$122,744,989","4,080",11/3,-
9,Despicable Me 3,Uni.,"$264,624,300","4,535","$72,434,025","4,529",6/30,12/21
10,Justice League,WB,"$228,962,883","4,051","$93,842,239","4,051",11/17,-
11,Logan,Fox,"$226,277,068","4,071","$88,411,916","4,071",3/3,7/13
12,The Fate of the Furious,Uni.,"$226,008,385","4,329","$98,786,705","4,310",4/14,8/10
13,Coco,BV,"$208,473,907","3,987","$50,802,605","3,987",11/22,-
14,Dunkirk,WB,"$188,045,546","4,014","$50,513,488","3,720",7/21,11/23
15,Get Out,Uni.,"$176,040,665","3,143","$33,377,060","2,781",2/24,2/15
16,The LEGO Batman Movie,WB,"$175,750,384","4,088","$53,003,468","4,088",2/10,6/8
17,The Boss Baby,Fox,"$175,003,033","3,829","$50,198,902","3,773",3/31,11/2
18,Pirates of the Caribbean: Dead Men Tell No Tales,BV,"$172,558,876","4,276","$62,983,253","4,276",5/26,9/21
19,Kong: Skull Island,WB,"$168,052,812","3,846","$61,025,472","3,846",3/10,6/15
20,The Greatest Showman,Fox,"$164,644,800","3,342","$8,805,843","3,006",12/20,-
21,Cars 3,BV,"$152,901,115","4,256","$53,688,680","4,256",6/16,11/2
22,War for the Planet of the Apes,Fox,"$146,880,162","4,100","$56,262,929","4,022",7/14,11/30
23,Split,Uni.,"$138,291,365","3,373","$40,010,975","3,038",1/20,5/11
24,Wonder,LGF,"$132,093,157","3,519","$27,547,866","3,096",11/17,-
25,Transformers: The Last Knight,Par.,"$130,168,683","4,132","$44,680,073","4,069",6/21,8/24
26,Girls Trip,Uni.,"$115,171,585","2,648","$31,201,920","2,591",7/21,10/19
27,Fifty Shades Darker,Uni.,"$114,581,250","3,714","$46,607,250","3,710",2/10,4/6
28,Baby Driver,TriS,"$107,825,862","3,226","$20,553,320","3,226",6/28,10/19
29,Pitch Perfect 3,Uni.,"$104,878,410","3,468","$19,928,525","3,447",12/22,-
30,Daddy's Home 2,Par.,"$104,029,443","3,575","$29,651,193","3,575",11/10,2/15
31,Murder on the Orient Express (2017),Fox,"$102,826,543","3,354","$28,681,472","3,341",11/10,-
32,Annabelle: Creation,WB (NL),"$102,092,201","3,565","$35,006,404","3,502",8/11,11/2
33,Kingsman: The Golden Circle,Fox,"$100,234,838","4,038","$39,023,010","4,003",9/22,1/4
34,Blade Runner 2049,WB,"$92,054,159","4,058","$32,753,122","4,058",10/6,2/1
35,John Wick: Chapter Two,LG/S,"$92,029,184","3,113","$30,436,123","3,113",2/10,4/27
36,The Emoji Movie,Sony,"$86,089,513","4,075","$24,531,923","4,075",7/28,11/30
37,Power Rangers (2017),LGF,"$85,364,450","3,693","$40,300,288","3,693",3/24,6/1
38,Ferdinand,Fox,"$83,075,940","3,630","$13,401,586","3,621",12/15,-
39,The Post,Fox,"$80,392,627","2,851","$526,011",9,12/22,-
40,The Mummy (2017),Uni.,"$80,227,895","4,035","$31,688,375","4,035",6/9,8/24
41,The Hitman's Bodyguard,LG/S,"$75,468,583","3,377","$21,384,504","3,377",8/18,11/2
42,Alien: Covenant,Fox,"$74,262,031","3,772","$36,160,621","3,761",5/19,8/31
43,Captain Underpants: The First Epic Movie,Fox,"$73,921,000","3,529","$23,851,539","3,434",6/2,11/2
44,A Bad Moms Christmas,STX,"$72,110,659","3,615","$16,759,161","3,615",11/1,1/11
45,A Dog's Purpose,Uni.,"$64,508,620","3,178","$18,222,810","3,059",1/27,5/18
46,The LEGO Ninjago Movie,WB,"$59,281,555","4,047","$20,433,071","4,047",9/22,11/30
47,Baywatch,Par.,"$58,060,186","3,647","$18,503,871","3,647",5/25,7/27
48,The Shape of Water,FoxS,"$57,455,578","2,341","$166,564",2,12/1,-
49,The Shack,LG/S,"$57,386,418","2,888","$16,172,119","2,888",3/3,5/18
50,Happy Death Day,Uni.,"$55,683,845","3,535","$26,039,025","3,149",10/13,12/14
51,Darkest Hour,Focus,"$55,550,377","1,733","$175,006",4,11/22,-
52,"Three Billboards Outside Ebbing, Missouri",FoxS,"$52,044,383","1,726","$322,168",4,11/10,-
53,Atomic Blonde,Focus,"$51,687,870","3,326","$18,286,420","3,304",7/28,10/5
54,American Made,Uni.,"$51,342,000","3,098","$16,776,390","3,024",9/29,12/14
55,The Dark Tower,Sony,"$50,701,325","3,451","$19,153,698","3,451",8/4,10/19
56,Lady Bird,A24,"$48,321,868","1,557","$364,437",4,11/3,-
57,Tyler Perry's Boo 2! A Madea Halloween,LGF,"$47,319,572","2,388","$21,226,953","2,388",10/20,12/14
58,Snatched,Fox,"$45,852,178","3,511","$19,542,248","3,501",5/12,8/3
59,The Great Wall,Uni.,"$45,540,830","3,328","$18,469,620","3,326",2/17,6/1
60,Smurfs: The Lost Village,Sony,"$45,020,282","3,610","$13,210,449","3,610",4/7,8/3
61,Going in Style (2017),WB (NL),"$45,018,541","3,076","$11,932,330","3,061",4/7,7/13
62,All Eyez on Me,LG/S,"$44,922,302","2,471","$26,435,354","2,471",6/16,8/3
63,xXx: The Return of Xander Cage,Par.,"$44,898,413","3,651","$20,130,142","3,651",1/20,3/16
64,47 Meters Down,ENTMP,"$44,307,192","2,471","$11,205,561","2,270",6/16,10/19
65,The Big Sick,LGF,"$42,873,127","2,597","$421,577",5,6/23,10/22
66,Valerian and the City of a Thousand Planets,STX,"$41,189,488","3,553","$17,007,624","3,553",7/21,9/21
67,The Star,Sony,"$40,852,824","2,976","$9,812,674","2,837",11/17,-
68,Ghost in the Shell (2017),Par.,"$40,563,557","3,440","$18,676,033","3,440",3/31,5/25
69,King Arthur: Legend of the Sword,WB,"$39,175,066","3,702","$15,371,270","3,702",5/12,7/20
70,Jigsaw,LGF,"$38,052,832","2,941","$16,640,452","2,941",10/27,12/21
71,American Assassin,LGF,"$36,249,674","3,154","$14,846,778","3,154",9/15,11/9
72,The Foreigner,STX,"$34,393,507","2,515","$13,113,024","2,515",10/13,12/21
73,"Everything, Everything",WB,"$34,121,140","2,801","$11,727,390","2,801",5/19,7/27
74,Wind River,Wein.,"$33,800,859","2,890","$161,558",4,8/4,12/7
75,Geostorm,WB,"$33,700,160","3,246","$13,707,376","3,246",10/20,1/11
76,Monster Trucks,Par.,"$33,370,166","3,119","$10,950,705","3,119",1/13,3/16
77,Fist Fight,WB (NL),"$32,187,017","3,185","$12,201,873","3,185",2/17,4/13
78,How to be a Latin Lover,PNT,"$32,149,404","1,203","$12,252,439","1,118",4/28,6/22
79,Kidnap (2017),Aviron,"$30,718,107","2,418","$10,016,323","2,378",8/4,11/16
80,Underworld: Blood Wars,SGem,"$30,353,973","3,070","$13,688,751","3,070",1/6,3/9
81,The Mountain Between Us,Fox,"$30,348,555","3,259","$10,551,336","3,088",10/6,12/21
82,Life (2017),Sony,"$30,234,022","3,146","$12,501,936","3,146",3/24,6/1
83,Hostiles,ENTMP,"$29,465,383","2,934","$22,849",3,12/22,-
84,"I, Tonya",Neon,"$28,941,481","1,450","$264,155",4,12/8,-
85,Molly's Game,STX,"$28,740,252","1,708","$2,349,967",271,12/25,-
86,The Nut Job 2: Nutty by Nature,ORF,"$28,370,522","4,003","$8,342,311","4,003",8/11,9/28
87,Rings,Par.,"$27,793,018","2,931","$13,002,632","2,931",2/3,3/23
88,Logan Lucky,BST,"$27,780,977","3,031","$7,600,036","3,031",8/18,11/9
89,Home Again,ORF,"$27,020,284","3,036","$8,567,881","2,940",9/8,11/9
90,Resident Evil: The Final Chapter,SGem,"$26,830,068","3,104","$13,601,682","3,104",1/27,3/30
91,The House,WB (NL),"$25,584,504","3,134","$8,724,795","3,134",6/30,8/31
92,All the Money in the World,TriS,"$25,037,552","2,123","$5,584,684","2,074",12/25,-
93,Gifted,FoxS,"$24,801,212","2,215","$446,380",56,4/7,8/24
94,Downsizing,Par.,"$24,449,754","2,668","$4,954,287","2,668",12/22,2/1
95,The Bye Bye Man,STX,"$22,395,806","2,220","$13,501,349","2,220",1/13,2/16
96,Victoria and Abdul,Focus,"$22,245,070","1,060","$158,845",4,9/22,-
97,Rough Night,Sony,"$22,105,643","3,162","$8,004,283","3,162",6/16,8/31
98,My Little Pony: The Movie,LGF,"$21,885,107","2,528","$8,885,899","2,528",10/6,-
99,Leap!,Wein.,"$21,858,070","2,705","$4,730,038","2,575",8/25,12/7
100,The Disaster Artist,A24,"$21,117,606","1,010","$1,211,345",19,12/1,-
Totals:,"$11,076,670,784",-,-,-,-,-
Averages:,"$15,257,122",-,-,-,-,-
101,Sleepless,ORF,"$20,783,704","1,803","$8,344,128","1,803",1/13,3/9
102,Diary of a Wimpy Kid: The Long Haul,Fox,"$20,738,724","3,174","$7,126,084","3,157",5/19,8/17
103,The Circle (2017),STX,"$20,497,844","3,163","$9,034,148","3,163",4/28,6/8
104,Baahubali 2: The Conclusion,GrtIndia,"$20,186,659",425,"$10,430,497",425,4/28,5/25
105,Phantom Thread,Focus,"$20,162,689","1,186","$216,495",4,12/25,-
106,CHiPs,WB,"$18,600,152","2,464","$7,722,802","2,464",3/24,5/25
107,Only The Brave,Sony,"$18,343,983","2,577","$6,002,665","2,577",10/20,2/1
108,mother!,Par.,"$17,800,004","2,368","$7,534,673","2,368",9/15,10/26
109,The Zookeeper's Wife,Focus,"$17,571,660","1,057","$3,288,835",541,3/31,6/22
110,Father Figures,WB,"$17,501,244","2,902","$3,287,451","2,902",12/22,2/15
111,The Glass Castle,LGF,"$17,273,059","1,461","$4,678,548","1,461",8/11,10/12
112,Call Me by Your Name,SPC,"$16,909,289",914,"$412,932",4,11/24,-
113,Flatliners (2017),Sony,"$16,883,115","2,552","$6,574,326","2,552",9/29,11/23
114,Detroit,Annapurna,"$16,790,139","3,007","$350,190",20,7/28,10/12
115,The Case for Christ,PFR,"$14,682,684","1,386","$3,967,885","1,174",4/7,6/29
116,Wish Upon,BG,"$14,301,505","2,250","$5,467,084","2,250",7/14,10/12
117,It Comes At Night,A24,"$13,985,117","2,533","$5,988,370","2,533",6/9,9/17
118,Born in China,BV,"$13,873,211","1,508","$4,790,367","1,508",4/21,7/6
119,Megan Leavey,BST,"$13,406,883","1,956","$3,810,867","1,956",6/9,9/14
120,The Founder,Wein.,"$12,786,053","1,115","$3,404,102","1,115",1/19,4/27
121,Battle of the Sexes,FoxS,"$12,638,526","1,822","$518,332",21,9/22,12/21
122,Before I Fall,ORF,"$12,241,122","2,346","$4,690,214","2,346",3/3,4/27
123,"Roman J. Israel, Esq.",Sony,"$11,962,712","1,669","$61,999",4,11/17,-
124,Unforgettable (2017),WB,"$11,368,012","2,417","$4,785,431","2,417",4/21,6/1
125,The Beguiled (2017),Focus,"$10,709,995",941,"$229,292",4,6/23,8/17
126,The Belko Experiment,BH Tilt,"$10,166,820","1,341","$4,137,230","1,341",3/17,5/25
127,Marshall,ORF,"$10,051,659",821,"$3,000,805",821,10/13,1/18
128,Thank You for Your Service (2017),Uni.,"$9,536,300","2,083","$3,817,700","2,054",10/27,11/30
129,Rock Dog,LG/S,"$9,420,546","2,077","$3,704,749","2,077",2/24,4/13
130,The Lost City of Z,BST,"$8,580,410",866,"$110,175",4,4/14,7/20
131,The Promise (2017),ORF,"$8,224,288","2,251","$4,095,718","2,251",4/21,5/18
132,A Cure for Wellness,Fox,"$8,106,986","2,704","$4,356,941","2,704",2/17,3/23
133,The Space Between Us,STX,"$7,885,294","2,812","$3,775,596","2,812",2/3,3/2
134,Let there be Light,ADC,"$7,233,471",774,"$1,729,535",373,10/27,-
135,Gold,Wein.,"$7,227,038","2,166","$3,471,316","2,166",1/27,3/9
136,I am Not Your Negro,Magn.,"$7,123,919",320,"$686,378",43,2/3,6/8
137,Beatriz At Dinner,RAtt.,"$7,115,854",683,"$141,959",5,6/9,10/5
138,Birth of the Dragon,BH Tilt,"$6,901,965","1,633","$2,702,430","1,618",8/25,9/28
139,The Snowman,Uni.,"$6,700,035","1,815","$3,372,565","1,812",10/20,11/23
140,Loving Vincent,Good Deed,"$6,681,942",218,"$23,180",1,9/22,-
141,Same Kind of Different as Me,PFR,"$6,423,605","1,362","$2,591,985","1,362",10/20,2/1
142,Lowriders,BH Tilt,"$6,303,560",365,"$2,403,885",295,5/12,6/29
143,Maudie,SPC,"$6,170,998",233,"$45,920",4,4/14,11/16
144,Just Getting Started,BG,"$6,069,605","2,161","$3,201,459","2,161",12/8,1/25
145,The Florida Project,A24,"$5,873,664",229,"$157,553",4,10/6,-
146,All Saints,Sony,"$5,802,208",846,"$1,514,278",846,8/25,10/26
147,Suburbicon,Par.,"$5,775,178","2,046","$2,840,246","2,046",10/27,11/16
148,The Man Who Invented Christmas,BST,"$5,676,487",720,"$1,357,129",626,11/22,1/25
149,Paris Can Wait,SPC,"$5,617,731",447,"$98,850",4,5/12,9/28
150,Tiger Zinda Hai,Yash,"$5,560,921",299,"$1,787,108",299,12/22,-
151,Your Name.,FUN,"$5,017,246",311,"$1,813,781",311,4/7,7/27
152,The Book of Henry,Focus,"$4,504,974",650,"$1,424,540",579,6/16,8/17
153,Stronger,RAtt.,"$4,211,129",645,"$1,611,040",573,9/22,11/30
154,The Hero,Orch.,"$4,077,333",447,"$45,317",4,6/9,10/12
155,Sleight,BH Tilt,"$3,986,245",591,"$1,701,785",565,4/28,6/8
156,A United Kingdom,FoxS,"$3,902,185",317,"$66,510",4,2/10,5/25
157,Norman: The Moderate Rise and Tragic Fall of a New York Fixer,SPC,"$3,814,868",373,"$99,211",5,4/14,7/30
158,Friend Request,ENTMP,"$3,759,078","2,573","$2,002,863","2,573",9/22,11/30
159,Table 19,FoxS,"$3,614,896",868,"$1,597,928",868,3/3,4/6
160,Their Finest,STX,"$3,603,484",330,"$76,197",4,4/7,6/22
161,Phoenix Forgotten,CLF,"$3,600,146","1,626","$1,816,499","1,626",4/21,6/15
162,An Inconvenient Sequel: Truth to Power,Par.,"$3,496,795",556,"$124,823",4,7/28,9/7
163,Til Death Do Us Part,NN,"$3,455,267",562,"$1,527,289",562,9/29,11/12
164,Raees,Zee,"$3,262,954",265,"$1,798,379",265,1/25,2/5
165,Close Encounters of the Third Kind (40th Anniversary),Sony,"$3,100,479",901,"$1,767,758",901,9/1,9/21
166,Colossal,Neon,"$3,029,287",327,"$120,226",4,4/7,7/13
167,Ingrid Goes West,Neon,"$3,024,308",647,"$135,301",3,8/11,10/26
168,Ballerina (2017) [Canada Only],EOne,"$2,844,490",237,"$181,091",77,2/24,-
169,The Oscar Nominated Short Films 2017,Shrts.,"$2,835,355",272,"$692,399",206,2/10,3/30
170,Kedi,Osci.,"$2,835,047",130,"$40,103",1,2/10,-
171,Wolf Warrior 2,HC,"$2,721,100",53,"$219,022",53,7/28,10/19
172,My Cousin Rachel,FoxS,"$2,716,368",531,"$969,941",523,6/9,8/3
173,Mayweather vs. McGregor,Fathom,"$2,620,183",532,"$2,620,183",532,8/26,8/26
174,A Question Of Faith,PFR,"$2,587,072",661,"$1,025,489",661,9/29,12/14
175,Is Genesis History?,Fathom,"$2,570,392",704,N/A,N/A,2/23,3/17
176,Newsies: The Broadway Musical,Fathom,"$2,545,060",780,"$1,333,538",780,2/18,2/23
177,In Our Hands: The Battle for Jerusalem,Fathom,"$2,534,370",733,N/A,N/A,5/23,6/6
178,Hazlo Como Hombre (Do It Like An Hombre),PNT,"$2,534,252",382,"$1,174,484",382,9/1,10/5
179,LBJ,Electric,"$2,470,979",659,"$1,110,565",659,11/3,12/21
180,Tulip Fever,Wein.,"$2,455,635",772,"$1,158,017",765,9/1,11/16
181,The Salesman,Cohen,"$2,402,067",115,"$71,078",3,1/27,4/16
182,T2: Trainspotting,TriS,"$2,402,004",331,"$170,575",5,3/17,5/25
183,Pokemon the Movie: I Choose You!,Fathom,"$2,401,722",789,N/A,N/A,11/5,11/16
184,Jeepers Creepers 3,Scre.,"$2,335,162",669,"$19,151",10,9/26,10/5
185,The Resurrection of Gavin Stone ,BH Tilt,"$2,303,792",890,"$1,206,771",890,1/20,2/9
186,The Killing of a Sacred Deer,A24,"$2,291,901",238,"$115,120",4,10/20,-
187,Collide,ORF,"$2,280,004","2,045","$1,512,824","2,045",2/24,3/9
188,The Lovers,A24,"$2,194,521",443,"$66,286",4,5/5,7/16
189,Un Padre No Tan Padre,PNT,"$2,156,047",312,"$978,894",312,1/27,3/9
190,Brad's Status,Annapurna,"$2,133,158",453,"$89,921",4,9/15,10/26
191,Good Time,A24,"$2,026,499",721,"$125,101",4,8/11,11/12
192,Badrinath Ki Dulhania,FIP,"$1,993,259",156,"$862,008",152,3/10,4/13
193,Everybody Loves Somebody,PNT,"$1,915,789",333,"$924,201",333,2/17,3/23
194,Along with the Gods: The Two Worlds,WGUSA,"$1,908,823",35,"$185,546",17,12/22,-
195,Youth (2017),CL,"$1,891,956",35,"$338,604",30,12/15,-
196,A Quiet Passion,MBox,"$1,865,396",135,"$45,825",6,4/14,7/13
197,Toilet: Ek Prem Katha,Relbig.,"$1,830,715",178,"$678,436",178,8/11,9/7
198,The Wall,RAtt.,"$1,803,064",540,"$897,955",540,5/12,6/22
199,Free Fire,A24,"$1,799,312","1,070","$994,431","1,070",4/21,5/18
200,The Last Word,BST,"$1,783,421",380,"$31,630",4,3/3,5/25
Totals:,"$11,076,670,784",-,-,-,-,-
Averages:,"$15,257,122",-,-,-,-,-
201,Goodbye Christopher Robin,FoxS,"$1,735,251",262,"$57,917",9,10/13,12/21
202,Jane (2017),Abr.,"$1,713,514",96,"$58,348",3,10/20,-
203,Menashe,A24,"$1,703,036",126,"$62,078",3,7/28,10/19
204,Slamma Jamma,RivR,"$1,687,000",502,"$1,687,000",502,3/24,3/26
205,Jab Harry Met Sejal,Yash,"$1,664,648",280,"$1,284,740",280,8/4,8/10
206,Jolly Llb 2,FIP,"$1,654,254",173,"$774,355",173,2/10,3/2
207,The Little Hours,G&S,"$1,647,175",114,"$56,676",2,6/30,10/12
208,A Ghost Story,A24,"$1,596,371",329,"$104,030",4,7/7,9/28
209,Professor Marston & the Wonder Women,Annapurna,"$1,584,759","1,229","$736,883","1,229",10/13,11/20
210,The Stray,Purd.,"$1,579,440",640,"$596,547",640,10/6,12/14
211,Genesis: Paradise Lost,Fathom,"$1,575,000",419,N/A,N/A,11/13,12/11
212,A Taxi Driver,WGUSA,"$1,527,829",41,"$331,854",41,8/11,10/19
213,Sword Art Online: The Movie - Ordinal Scale,Elev.,"$1,522,976",621,"$196,454",578,3/9,5/4
214,Inhumans,Imax,"$1,521,787",393,"$1,135,440",393,9/1,9/7
215,Mully,Fathom,"$1,489,771",738,N/A,N/A,10/3,10/5
216,The Square,Magn.,"$1,487,823",70,"$74,233",4,10/27,-
217,Judwaa 2,FIP,"$1,431,255",192,"$638,045",192,9/29,10/19
218,The Wedding Plan,RAtt.,"$1,412,404",123,"$31,658",8,5/12,8/10
219,Wonder Wheel,Amazon,"$1,401,853",536,"$125,570",5,12/1,2/1
220,My Friend Dahmer,FR,"$1,361,611",110,"$35,545",4,11/3,-
221,The Dinner,Orch.,"$1,323,312",505,"$653,944",505,5/5,6/15
222,Personal Shopper,IFC,"$1,305,195",153,"$79,175",4,3/10,6/11
223,Churchill,Cohen,"$1,281,258",215,"$408,891",215,6/2,8/16
224,The Sense of an Ending,CBS,"$1,274,420",282,"$39,692",4,3/10,4/6
225,Chonda Pierce: Enough,Fathom,"$1,260,116",798,N/A,N/A,4/25,5/9
226,3 Idiotas,PNT,"$1,249,233",349,"$609,249",349,6/2,6/29
227,True to the Game,Faith Media,"$1,231,040",461,"$472,436",461,9/8,10/31
228,Steve McQueen: American Icon,Fathom,"$1,229,782",787,N/A,N/A,9/28,9/28
229,The Women's Balcony,Men.,"$1,200,885",34,"$16,620",2,3/3,-
230,Spirited Away (Fathom Event),Fathom,"$1,196,791",632,"$903,896",632,10/27,-
231,The Trip to Spain,IFC,"$1,157,604",140,"$40,875",3,8/11,10/26
232,Step (2017),FoxS,"$1,146,292",306,"$146,488",29,8/4,10/12
233,Lady Macbeth,RAtt.,"$1,129,408",131,"$64,537",5,7/14,10/5
234,Viceroy's House,IFC,"$1,105,717",116,"$48,134",4,9/1,11/9
235,The Battleship Island,CJ,"$1,104,957",41,"$59,344",1,7/26,-
236,Wonderstruck,RAtt.,"$1,060,377",261,"$65,882",4,10/20,1/4
237,Terminator 2: Judgment Day 3D,Distrib.,"$1,037,809",371,"$552,773",371,8/25,9/28
238,TCM Presents Casablanca 75th Anniversary,Fathom,"$1,024,560",725,"$596,068",725,11/12,11/15
239,Columbus,INDEP,"$1,015,744",63,"$26,820",2,8/4,12/14
240,Yu-Gi-Oh! The Dark Side of Dimensions,SV,"$1,015,339",552,"$656,756",381,1/27,2/16
241,Golmaal Again,Rel.,"$1,013,893",265,"$1,013,893",265,10/20,10/22
242,Last Flag Flying,LGF,"$965,481",110,"$40,558",4,11/3,12/21
243,Lucky (2017),Magn.,"$955,925",111,"$43,293",5,9/29,-
244,Landline,Magn.,"$940,854",144,"$52,555",4,7/21,9/28
245,Tubelight,Yash,"$930,058",338,"$930,058",338,6/23,6/25
246,The Red Turtle,SPC,"$921,974",127,"$21,010",3,1/20,6/1
247,Faces Places,Cohen,"$900,000",42,"$31,006",5,10/6,-
248,Frantz,MBox,"$880,883",106,"$18,745",2,3/15,6/22
249,Journey to the West: The Demons Strike Back,Sony,"$880,346",67,"$463,883",67,2/3,3/9
250,The Polar Express (2017 re-release),WB,"$875,150",N/A,"$1,321",N/A,11/17,12/31
251,Jagga Jasoos,UTV,"$861,740",210,"$490,232",210,7/14,8/3
252,Ex-File 3 (Qian Ren 3),CL,"$838,959",24,"$125,291",21,12/29,2/8
253,Patti Cake$,FoxS,"$800,148",303,"$67,599",14,8/18,10/12
254,George Takei's Allegiance,Fathom,"$784,850",476,"$784,850",476,2/19,2/19
255,Film Stars Don't Die in Liverpool,SPC,"$772,478",107,"$34,532",4,12/29,-
256,Mark Felt: The Man Who Brought Down the White House,SPC,"$768,946",332,"$34,217",5,9/29,12/7
257,Mubarakan,Sony,"$758,868",128,"$310,170",128,7/28,8/24
258,May It Last: A Portrait Of The Avett Brothers,Osci.,"$725,286",326,"$9,616",8,9/12,11/2
259,Kirk Cameron REVIVE US 2,Fathom,"$718,607",731,N/A,N/A,10/24,11/2
260,The Exception,A24,"$708,973",48,"$21,351",2,6/2,8/31
261,Canelo Vs. GGG: Supremacy,Fathom,"$703,396",465,"$703,396",465,9/16,9/16
262,Chris Brown: Welcome To My Life,Fathom,"$693,984",413,"$98,088",293,6/8,6/18
263,Titanic (20th Anniversary),Par.,"$691,642",87,"$438,602",87,12/1,12/14
264,Lost in Paris,Osci.,"$691,597",48,"$4,510",1,6/16,11/30
265,Shubh Mangal Saavdhan,Eros,"$689,874",80,"$259,999",80,9/1,10/5
266,The Devotion of Suspect X,CL,"$686,435",46,"$323,207",43,3/31,4/23
267,Walk With Me,Gathr,"$665,642",61,"$9,932",1,8/11,-
268,Wilson,FoxS,"$653,951",311,"$336,227",310,3/24,4/20
269,The Only Living Boy in New York,RAtt.,"$624,332",289,"$54,458",15,8/11,9/28
270,The Midwife,MBox,"$603,582",44,"$21,341",3,7/21,10/26
271,Battle of Memories,CL,"$594,552",42,"$224,942",42,4/28,6/8
272,Novitiate,SPC,"$580,346",163,"$22,724",3,10/27,2/11
273,Tommy's Honour,RAtt.,"$569,306",167,"$209,190",167,4/14,6/1
274,Bitter Harvest,RAtt.,"$557,241",127,"$219,357",127,2/24,4/6
275,Samaritan's Purse: Facing Darkness (Encore),Fathom,"$555,533",656,N/A,N/A,4/10,4/10
276,Dolores,PBS,"$555,309",33,"$13,534",1,9/1,-
277,Brigsby Bear,SPC,"$532,669",408,"$39,652",3,7/28,10/19
278,Human Flow,Magn.,"$527,845",36,"$45,677",3,10/13,12/21
279,JONAH - On Stage!,Fathom,"$520,496",622,N/A,N/A,5/2,5/2
280,Fairy Tail: Dragon Cry,FUN,"$519,461",304,"$169,203",292,8/14,8/20
281,Raw (2017),FCW,"$514,870",45,"$24,825",2,3/10,5/4
282,Our President,CJ,"$507,268",41,"$9,421",1,6/2,8/6
283,Breathe (2017),BST,"$490,131",315,"$22,285",4,10/13,12/14
284,Once Upon A Time,WGUSA,"$485,728",51,"$249,933",51,8/11,9/21
285,Confidential Assignment,CJ,"$475,618",13,"$21,228",2,1/27,3/19
286,Beach Rats,Neon,"$473,771",67,"$46,451",3,8/25,10/26
287,Duckweed,CL,"$471,575",30,"$160,739",27,2/10,3/23
288,DCI 2017 Tour Premeire,Fathom,"$467,817",478,N/A,N/A,6/22,6/22
289,Phillauri,FIP,"$467,596",74,"$260,982",74,3/24,4/13
290,Chasing the Dragon,WGUSA,"$456,854",52,"$138,346",52,9/29,11/19
291,Sailor Moon R: The Movie,Elev.,"$452,053",151,"$253,490",145,1/19,2/16
292,Song to Song,BG,"$443,684",95,"$50,559",4,3/17,6/1
293,One Piece Film: Gold,FUN,"$423,593",372,"$50,241",13,1/10,1/19
294,A Gentleman,FIP,"$410,055",135,"$191,530",135,8/25,9/14
295,"Love, Kennedy",Purd.,"$407,871",19,"$45,285",19,6/2,10/12
296,Chasing Trane: The John Coltrane Documentary,Abr.,"$406,284",17,"$16,626",1,4/14,10/1
297,1945,Men.,"$387,941",13,"$20,365",2,11/1,-
298,Rifftrax: Samurai Cop,Fathom,"$384,756",705,N/A,N/A,4/13,4/20
299,I'll Push You,Fathom,"$378,899",557,N/A,N/A,11/2,11/2
300,Rebel in the Rye,IFC,"$378,294",82,"$37,967",4,9/8,11/2
Totals:,"$11,076,670,784",-,-,-,-,-
Averages:,"$15,257,122",-,-,-,-,-
301,Tom of Finland,KL,"$371,696",12,"$13,524",1,10/13,-
302,Boston: An American Running Story,Fathom,"$364,369",481,N/A,N/A,4/19,5/9
303,Kung Fu Yoga,WGUSA,"$362,657",27,"$111,979",14,1/27,2/23
304,Disney Junior HalloVeen Party,Fathom,"$359,745",396,N/A,N/A,10/21,10/26
305,Letters from Baghdad,Vita.,"$359,735",20,"$19,725",2,6/2,10/22
306,Ok Jaanu,FIP,"$355,922",121,"$225,968",121,1/13,1/26
307,Long Strange Trip - The Untold Story of The Grateful Dead,Abr.,"$351,957",56,"$33,272",56,5/25,6/1
308,Pearl Jam - Let's Play Two,Abr.,"$348,833",201,"$53,177",5,9/29,10/15
309,Canelo vs. Chavez Jr.,Fathom,"$343,387",273,"$343,387",273,5/6,5/6
310,BOMBSHELL: The Hedy Lamarr Story,Zeit.,"$341,008",19,N/A,N/A,11/24,-
311,This Is Not What I Expected,WGUSA,"$337,670",36,"$135,252",36,5/5,-
312,God's Own Country,Orion,"$334,359",13,"$17,768",2,10/24,-
313,Dunkirk (Re-Issue 12/1),WB,"$327,615",53,"$122,115",53,12/1,12/14
314,Chuck,IFC,"$320,725",120,"$34,565",4,5/5,6/11
315,Obit.,KL,"$315,049",22,N/A,N/A,1/5,8/31
316,Citizen Jane,IFC,"$313,411",25,"$31,451",2,4/21,7/6
317,City of Rock,WGUSA,"$312,537",43,"$115,524",43,10/6,11/16
318,My Life as a Zucchini,GK,"$309,766",53,"$31,853",2,2/24,5/4
319,The Breadwinner,GK,"$309,736",43,"$17,395",3,11/17,-
320,ITTEFAQ,Yash,"$298,032",67,"$298,032",67,11/3,11/5
321,Buddies in India,CL,"$293,194",55,"$181,705",55,1/27,2/15
322,In the Fade,Magn.,"$288,485",35,"$10,455",3,12/27,-
323,Happy End,SPC,"$285,532",20,"$23,091",3,12/22,-
324,I Do... Until I Don't,TFA,"$280,668",165,"$170,775",165,9/1,9/21
325,After the Storm,FM,"$272,132",38,"$27,880",6,3/17,8/31
326,Stalker (2017 re-release),Jan.,"$269,881",6,"$20,540",1,5/5,-
327,Wakefield,IFC,"$262,599",30,"$11,299",1,5/19,7/20
328,"I, Daniel Blake",IFC,"$260,354",45,"$18,682",12,6/2,7/20
329,Cezanne et moi,Magn.,"$257,597",29,"$15,744",2,3/31,6/29
330,Dean,CBS,"$254,536",83,"$60,366",15,6/2,6/29
331,The Fortress,CJ,"$252,895",27,N/A,N/A,10/6,11/5
332,Gook,Gold.,"$250,130",27,"$27,044",2,8/18,10/12
333,Sarkar 3,Eros,"$249,588",107,"$164,364",107,5/12,5/25
334,Band Aid,IFC,"$248,370",35,"$29,013",3,6/2,8/3
335,Black Butler: Book of the Atlantic,FUN,"$248,286",187,N/A,N/A,6/12,6/15
336,The Swindlers,WGUSA,"$241,916",27,"$82,818",27,12/1,-
337,The Ottoman Lieutenant,Pala.,"$240,978",216,"$149,830",216,3/10,3/23
338,Crown Heights,IFC,"$238,558",91,"$30,173",3,8/18,10/5
339,American Satan,Sumerian,"$237,708",55,"$135,378",55,10/13,11/9
340,Little Shop of Horrors: The Director's Cut,Fathom,"$233,865",511,"$156,288",511,10/27,11/2
341,Jeremiah Tower,Orch.,"$228,153",33,"$20,268",2,4/21,6/29
342,Rumble: The Indians Who Rocked The World,KL,"$226,006",22,N/A,N/A,5/18,12/7
343,California Typewriter,Grav.,"$218,563",20,"$5,031",1,8/18,11/19
344,Railroad Tigers,WGUSA,"$218,044",43,"$116,211",43,1/6,2/2
345,All I See is You,ORF,"$217,644",283,"$144,076",283,10/27,11/9
346,The Adventurers,WGUSA,"$216,556",17,"$68,614",17,8/18,9/28
347,Truman,FR,"$210,840",22,"$18,258",3,4/7,6/22
348,Donnie Darko (2017 Re-Release),Arrow,"$207,971",21,"$57,259",21,3/31,-
349,The Prison,WGUSA,"$207,481",23,"$80,376",23,3/31,5/4
350,Risk,Neon,"$200,219",45,"$76,327",34,5/5,7/6
351,Spark: A Space Tail,ORF,"$196,458",365,"$116,873",365,4/14,4/27
352,Big Sonia,Argo.,"$184,358",4,"$4,398",1,11/17,-
353,The Other Side of Hope,Jan.,"$183,943",11,"$15,495",3,12/1,-
354,Whose Streets?,Magn.,"$182,799",39,"$43,804",24,8/11,10/5
355,The Bad Batch,Neon,"$180,851",46,"$89,111",30,6/23,7/27
356,Marjorie Prime,FR,"$180,608",12,"$20,668",6,8/18,11/2
357,Past Life,Orion,"$180,099",23,"$14,960",4,6/2,7/27
358,Take Every Wave: The Life of Liard Hamilton,IFC,"$176,076",31,"$12,636",1,9/29,11/16
359,Graduation,IFC,"$175,975",36,"$10,305",2,4/7,6/11
360,Champion,AAE,"$175,232",31,"$108,591",31,5/19,7/9
361,Mr. Gaga: A True Story of Love and Dance,Abr.,"$173,994",8,"$25,354",2,2/1,4/30
362,In This Corner of the World,FUN,"$172,147",20,"$24,205",6,8/11,9/14
363,David Lynch: The Art Life,Jan.,"$171,419",8,"$10,823",1,3/31,6/25
364,9/11,ADC,"$170,000",425,"$170,000",425,9/8,9/10
365,Valley of Bones,SG,"$168,738",300,"$107,393",300,9/1,9/21
366,Polina,Osci.,"$165,203",31,"$12,588",2,8/25,10/26
367,13 Minutes,SPC,"$161,531",19,"$11,750",3,6/30,10/12
368,Manifesto (2017),FR,"$161,101",10,"$9,628",1,5/10,8/20
369,Ex Libris: The New York Public Library,Zipp.,"$158,192",15,"$10,926",1,9/13,-
370,3 Generations,Wein.,"$155,936",37,"$105,215",6,5/5,5/25
371,The Journey,IFC,"$155,475",26,"$32,895",2,6/16,8/3
372,Endless Poetry,Abk.,"$153,440",18,"$28,591",2,7/14,8/6
373,The Void,Scre.,"$151,042",31,"$50,026",31,4/7,6/1
374,The Unknown Girl,IFC,"$150,549",28,"$13,477",2,9/8,11/2
375,Blade of the Immortal,Magn.,"$150,532",31,"$49,569",30,11/3,12/14
376,Chavela,MBox,"$148,666",14,"$22,453",4,10/4,1/28
377,Restless Creature: Wendy Whelan,Abr.,"$147,780",8,"$19,879",2,5/23,8/13
378,Thelma,Orch.,"$147,112",39,"$10,841",1,11/10,-
379,The Last Dalai Lama?,Mats.,"$145,524",18,"$9,786",4,7/7,-
380,Irving Berlin's Holiday Inn The Broadway,Fathom,"$144,550",395,N/A,N/A,11/16,11/16
381,Lupin the Third: The Castle of Cagliostro (2017 re-release),Elev.,"$142,425",571,N/A,N/A,9/8,-
382,"Hare Krishna! The Mantra, the Movement and the Swami Who Started it All",Abr.,"$133,006",54,"$22,310",1,6/16,9/21
383,Moka,FM,"$129,547",18,"$10,094",1,6/14,10/26
384,I Called Him Morgan,SD,"$128,986",11,"$12,902",1,3/24,8/24
385,City of Ghosts,IFC,"$128,015",18,"$13,601",2,7/7,9/7
386,Marie Curie: The Courage of Knowledge,Society,"$127,986",11,"$18,600",6,6/30,8/24
387,The B-Side: Elsa Dorfman's Portrait Photography,Neon,"$125,227",25,"$12,035",3,6/30,8/10
388,The Thousand Faces Of Dunjia,WGUSA,"$124,187",27,"$57,837",27,12/15,-
389,Buena Vista Social Club: Adios,BG,"$123,445",80,"$64,469",80,5/26,6/9
390,Explosion,CL,"$122,700",34,"$55,307",33,11/24,12/14
391,BPM (Beats Per Minute),Orch.,"$118,384",20,"$8,566",2,10/20,-
392,Our Time Will Come,CL,"$114,560",18,"$50,619",18,7/7,8/3
393,"We Love You, Sally Carmichael!",Purd.,"$113,435",11,"$30,951",7,8/4,10/5
394,Abacus: Small Enough to Jail,PBS,"$113,278",8,"$12,528",1,5/19,8/6
395,The King's Choice,Gold.,"$113,231",10,"$7,850",2,9/22,11/19
396,Slack Bay,KL,"$112,621",7,N/A,N/A,3/10,10/5
397,The Trouble with Terkel (2017),Indic.,"$110,289",12,"$32,784",12,2/3,-
398,Reset (Ni Shi Ying Jiu),WGUSA,"$108,970",20,"$54,276",20,6/30,7/20
399,Like Crazy (2017),Strand,"$107,362",13,"$5,799",2,5/5,-
400,Fabricated City,CJ,"$104,874",7,"$24,808",7,2/24,3/19
Totals:,"$11,076,670,784",-,-,-,-,-
Averages:,"$15,257,122",-,-,-,-,-
401,Bolshoi Ballet: Hero of our Time,Fathom,"$104,837",401,"$104,837",401,4/9,4/9
402,Walking Out,IFC,"$101,947",32,"$5,462",2,10/5,11/19
403,The Lure,Jan.,"$101,657",7,"$7,370",1,2/1,5/4
404,Score: A Film Music Documentary,Grav.,"$101,382",8,"$8,088",1,6/16,11/30
405,Some Like It Hot (Qing Shung),CL,"$100,026",10,"$42,230",10,1/13,2/2
406,Munna Michael,Eros,"$99,629",75,"$64,949",75,7/21,7/27
407,Aida's Secrets,MBox,"$98,468",9,"$5,665",1,10/20,1/28
408,"Tim Timmerman, Hope of America",Purd.,"$97,727",12,"$50,604",12,3/2,4/26
409,Poster Boys,Sony,"$97,049",50,"$51,264",50,9/8,9/21
410,The Mayor,WGUSA,"$96,777",29,"$47,128",29,4/28,5/25
411,The Fencer,CFI,"$95,952",7,"$5,572",2,7/21,-
412,Keep Watching,SGem,"$94,178",805,N/A,N/A,10/31,10/31
413,Memoir of a Murderer,WGUSA,"$91,335",8,"$27,665",8,9/8,10/19
414,The King's Case Note,CJ,"$90,959",7,"$8,462",2,4/28,6/15
415,Because of Gracia,AAE,"$90,878",32,"$52,171",32,9/15,10/12
416,Dina,Orch.,"$90,503",24,"$6,015",1,10/6,11/23
417,Night of the Living Dead (2017 4k Restoration),Jan.,"$89,029",8,"$5,452",1,10/13,11/9
418,Warriors of the Dawn,FIP,"$84,532",32,"$41,959",32,6/16,6/29
419,Chapter & Verse,Pala.,"$84,147",5,"$31,331",1,2/3,3/19
420,Earth: One Amazing Day,BBC,"$81,345",70,"$45,480",70,10/6,10/19
421,The Nile Hilton Incident,Strand,"$81,089",9,"$8,183",2,8/11,11/9
422,Stefan Zweig: Farewell to Europe,FRun,"$78,372",4,"$11,729",1,5/12,6/29
423,Harold and Lillian: A Hollywood Love Story,Zeit.,"$78,301",6,"$3,510",2,4/28,-
424,Pop Aye,KL,"$77,976",5,"$3,598",1,6/28,10/26
425,Bill Nye: Science Guy,PBS,"$74,909",9,"$7,005",1,10/27,-
426,Te Ata,Pala.,"$73,236",43,"$28,640",14,9/29,10/26
427,Buster's Mal Heart,WGUSA,"$73,121",18,"$7,137",1,4/28,7/13
428,The Divine Order,Zeit.,"$72,008",9,N/A,N/A,10/27,-
429,Turn It Around: The Story of East Bay Punk,Abr.,"$69,787",3,"$5,211",1,7/28,9/21
430,My Entire High School Sinking Into the Sea,GK,"$68,883",25,"$13,684",3,4/14,5/25
431,Alive and Kicking,Magn.,"$68,485",11,"$12,201",11,4/7,6/22
432,Architects of Denial,Da.,"$65,424",11,"$58,472",11,10/6,10/12
433,The Teacher,FM,"$64,437",5,"$15,091",5,8/30,12/7
434,I Can Speak,CJ,"$63,239",2,N/A,N/A,9/22,10/19
435,Tomorrow,UTMW,"$62,511",20,"$1,480",1,3/10,-
436,The Tiger Hunter,Shout!,"$62,398",42,N/A,42,9/22,10/12
437,Tragedy Girls,G&S,"$61,899",22,"$12,125",2,10/20,12/17
438,Donald Cried,Orch.,"$61,406",17,"$7,977",2,3/3,5/18
439,Worlds Apart,CLS,"$60,298",2,"$16,353",1,1/13,2/16
440,Manolo: The Boy Who Made Shoes for Lizards,MBox,"$60,056",11,"$8,186",3,9/15,11/30
441,The Force (2017),KL,"$59,912",5,N/A,N/A,7/14,11/16
442,Bang! The Bert Berns Story,Abr.,"$59,299",5,"$3,923",1,4/26,6/11
443,The Sacrifice (2017 re-release),KL,"$58,248",4,"$4,696",1,10/20,-
444,Il Boom (2017 re-release),Rialto,"$57,962",2,"$8,164",1,6/16,11/30
445,The Paris Opera,FM,"$55,482",9,"$7,709",4,10/18,-
446,Extraordinary Mission,Crimson,"$54,174",20,"$28,649",20,4/7,4/20
447,God of War,WGUSA,"$53,496",27,"$23,912",27,6/2,6/29
448,My Journey Through French Cinema,Cohen,"$52,214",4,"$10,636",3,6/23,8/16
449,Beautiful Accident,CL,"$51,766",15,"$25,801",15,6/2,6/18
450,Tickling Giants,Sarkasmos,"$51,499",17,"$8,159",1,3/17,-
451,The Ornithologist,Strand,"$50,511",6,"$6,132",2,6/23,9/14
452,Keep Quiet,KL,"$50,451",3,"$6,500",1,2/17,5/4
453,Person To Person,Magn.,"$48,499",13,"$11,852",3,7/28,9/14
454,Napping Princess,GK,"$48,198",22,"$10,865",14,9/8,10/5
455,Saving Banksy,PDF,"$47,965",6,"$1,317",1,1/13,4/30
456,Quest (2017),FRun,"$47,807",3,"$6,591",1,12/1,-
457,From the Land of the Moon,IFC,"$47,748",10,"$4,473",2,7/28,8/31
458,So B. It,Good Deed,"$47,627",22,"$7,455",2,10/6,11/9
459,Twenty Two,CL,"$46,796",11,"$22,222",11,9/8,9/24
460,Panique (2017 re-release),Rialto,"$46,041",3,"$7,062",1,1/20,-
461,Maurice (2017 reissue),Cohen,"$45,926",4,"$6,972",1,5/19,7/2
462,"Leon Morin, Priest (2017 re-release)",Rialto,"$44,511",2,"$11,462",1,5/12,10/15
463,Just One Drop,Gathr,"$43,726",6,N/A,N/A,9/22,-
464,Hermia & Helena,KL,"$43,152",4,"$12,986",2,5/26,11/2
465,Bluebeard,WGUSA,"$43,144",14,"$21,234",14,3/17,3/30
466,The Death of Louis XIV,CGld,"$43,113",6,"$8,002",1,3/31,7/13
467,Woodshock,A24,"$42,603",39,"$12,247",3,9/22,10/12
468,One Week and a Day,Osci.,"$41,614",16,"$6,833",3,4/28,6/29
469,The Settlers (2017),Mats.,"$41,562",6,N/A,N/A,3/3,-
470,Karl Marx City,B360,"$41,072",4,N/A,N/A,3/29,5/4
471,Unrest,INDEP,"$40,081",8,"$10,607",1,9/22,10/12
472,Birdboy: The Forgotten Children,GK,"$38,786",9,"$5,849",4,12/15,-
473,The Commune,Magn.,"$38,737",13,"$9,249",7,5/19,6/29
474,I am the Blues,FM,"$37,849",5,"$5,105",4,7/12,9/28
475,78/52: Hitchcock's Shower Scene,IFC,"$37,664",22,"$3,738",1,10/13,11/16
476,A Woman's Life,KL,"$37,626",4,"$11,483",2,5/5,8/3
477,School Life,Magn.,"$37,381",13,"$2,332",1,9/8,10/26
478,Heart Blackened,CJ,"$37,047",2,N/A,2,11/10,12/7
479,On the Beach at Night Alone,CGld,"$35,405",3,"$7,594",1,11/17,-
480,The Crime of Monsieur Lange (2017 re-release),Rialto,"$35,330",3,"$9,633",1,11/17,-
481,Growing Up Smith,Good Deed,"$35,312",12,"$14,867",5,2/3,2/16
482,Rat Film,CGld,"$35,195",4,"$7,793",2,9/15,-
483,Sophie and the Rising Sun,Mont.,"$34,630",8,N/A,N/A,1/20,4/20
484,Le Trou (2017 re-release),Rialto,"$34,588",3,"$6,756",1,6/28,9/28
485,Dave Made a Maze,Grav.,"$34,117",17,"$17,135",17,8/18,9/7
486,Afterimage,FM,"$33,443",6,"$5,832",1,5/19,8/17
487,WASTED! The Story of Food Waste,Super,"$33,211",11,"$17,189",11,10/13,10/26
488,Love & Taxes,Abr.,"$33,150",4,"$1,698",1,3/3,4/13
489,Alone in Berlin,IFC,"$33,125",5,"$8,869",2,1/13,2/12
490,Super Dark Times,Orch.,"$33,109",21,"$19,328",21,9/29,10/29
491,Spettacolo,Ghop,"$32,494",5,"$4,403",2,9/8,-
492,Brimstone and Glory,Osci.,"$32,059",8,"$2,125",1,10/27,-
493,Sidemen: Long Road to Glory,Abr.,"$31,399",6,"$6,120",1,8/18,9/24
494,Signature Move,Newcity,"$31,104",2,"$18,935",1,9/29,-
495,7 Witches,Indic.,"$31,100",4,"$1,875",1,4/21,6/25
496,XX (2017),Magn.,"$30,911",16,"$6,222",7,2/17,3/23
497,The Wound,KL,"$30,678",2,N/A,N/A,3/15,11/9
498,Dealt,IFC,"$30,414",10,"$4,293",1,10/20,11/19
499,No Greater Love,ADC,"$30,247",22,"$21,520",22,11/10,12/3
500,Nocturama,Ghop,"$30,157",90,"$5,402",3,8/11,-
Totals:,"$11,076,670,784",-,-,-,-,-
Averages:,"$15,257,122",-,-,-,-,-
501,In Pursuit of Silence,CGld,"$29,834",2,"$5,141",1,6/23,11/5
502,Uncertain,LucD.,"$29,736",6,N/A,N/A,3/6,-
503,Lemon,Magn.,"$29,258",13,"$5,957",2,8/18,10/5
504,False Confessions,BWP,"$29,245",3,"$7,361",2,7/14,-
505,Berlin Syndrome,VE,"$28,660",25,"$22,916",25,5/26,5/29
506,Wait For Your Laugh,Vita.,"$28,548",5,"$14,946",2,11/3,11/16
507,Ribbons,Indic.,"$27,959",5,"$5,715",5,9/22,11/23
508,Radio Dreams,Mats.,"$27,836",5,"$1,707",1,6/2,-
509,The Villainess,WGUSA,"$27,741",4,"$4,238",1,8/25,10/26
510,30 Years of Garbage: The Garbage Pail Kids Story,Indic.,"$27,739",2,"$5,030",2,8/11,2/1
511,The Untamed,Strand,"$27,593",8,"$2,718",1,7/21,10/19
512,Bronx Gothic,Ghop,"$27,151",4,"$4,696",1,7/14,-
513,Mali Blues,Icar.,"$26,950",5,N/A,N/A,2/13,-
514,The Daughter,KL,"$26,376",2,N/A,N/A,1/27,4/13
515,They Call Us Monsters,Mats.,"$26,080",8,N/A,N/A,1/9,2/16
516,The Old Dark House (2017 re-issue),Cohen,"$25,678",1,N/A,N/A,10/27,11/2
517,Saving Brinton,BOP,"$25,320",3,"$2,690",1,9/17,10/26
518,Moscow Never Sleeps,CAVU,"$25,306",6,N/A,N/A,6/19,-
519,The Lucky Man,Indic.,"$25,015",3,"$4,956",3,12/21,3/1
520,The Marseille Trilogy,Jan.,"$24,787",1,"$7,720",1,1/4,2/2
521,Paradise (2017) [Canada],CARUSEL,"$24,749",5,"$11,845",4,11/17,12/10
522,The Departure,Mats.,"$24,662",7,"$4,850",1,10/13,12/7
523,Naples '44,FRun,"$24,620",2,"$6,636",1,11/29,-
524,Jasmine,Indic.,"$24,248",3,"$8,358",3,6/16,8/31
525,Simple Creature,Indic.,"$23,918",3,"$3,006",3,8/5,10/15
526,"A Woman, a Part",Strand,"$23,562",3,"$5,869",1,3/22,6/15
527,For Ahkeem,Vita.,"$23,136",4,"$10,500",3,10/13,10/22
528,Finding Oscar,FR,"$23,116",16,"$2,365",1,4/14,5/18
529,The Grace of Jake,Indic.,"$23,078",2,"$4,784",2,2/3,5/11
530,The Recall,Free,"$22,943",31,"$6,570",7,6/2,6/22
531,My Scientology Movie,Magn.,"$22,936",6,"$11,180",2,3/10,4/13
532,Una,EF,"$22,815",7,"$6,120",1,10/6,10/29
533,Paradise Club,Indic.,"$22,381",3,"$1,758",2,9/8,11/16
534,The Transfiguration,Strand,"$22,091",8,"$4,605",1,4/7,8/3
535,Bending the Arc,Abr.,"$21,907",3,"$3,160",2,10/6,11/5
536,The Passion of Joan of Arc (2017 re-release),Jan.,"$21,877",1,"$6,408",1,11/24,12/7
537,The Girl Without Hands,GK,"$21,787",7,"$2,916",1,7/21,9/24
538,Trophy,Orch.,"$21,439",21,"$3,522",1,9/8,10/26
539,God Knows Where I Am,B360,"$21,135",6,N/A,N/A,3/31,5/11
540,Massacre on Aisle 12,Indic.,"$21,106",3,$967,1,1/27,5/11
541,A Beginner's Guide to Snuff,Indic.,"$21,031",3,"$5,204",3,6/23,8/31
542,Whisky Galore,Arrow,"$20,991",4,N/A,N/A,5/12,8/24
543,Man Underground,Indic.,"$20,907",5,"$2,194",3,7/14,9/21
544,All These Sleepless Nights,Orch.,"$20,762",5,N/A,3,4/7,5/18
545,The Blackcoat's Daughter,A24,"$20,435",26,"$12,402",26,3/31,4/13
546,RV: Resurrected Victims,WGUSA,"$20,374",11,"$10,589",11,10/20,11/2
547,Better Watch Out,WGUSA,"$20,369",25,"$12,569",25,10/6,10/26
548,Absolutely Anything,ADC,"$20,169",46,N/A,N/A,5/12,6/1
549,Man from Outerspace,Indic.,"$20,102",2,"$1,962",2,9/8,11/23
550,Heat and Dust (2017 re-release),Cohen,"$19,856",4,"$10,289",4,9/1,9/10
551,Trafficked,EpicPics,"$19,698",17,"$10,413",17,10/6,-
552,L'important C'est D'aimer (2017 Re-Release),Rialto,"$19,120",2,"$5,370",1,7/14,9/28
553,Carrie Pilby,Orch.,"$18,957",6,"$13,944",6,3/31,4/13
554,Bobbi Jene,Osci.,"$18,579",3,"$7,035",1,9/22,11/5
555,All The Rage: Saved by Sarno,TFC,"$18,489",1,"$9,765",1,6/23,7/9
556,Burden,Magn.,"$18,440",13,"$3,231",2,5/5,6/1
557,Glory (2017),FM,"$18,415",2,"$3,716",2,4/12,7/27
558,Clash,KL,"$18,215",1,N/A,N/A,3/11,9/21
559,Mansfield 66/67,FB,"$17,930",12,"$6,451",1,10/27,12/17
560,The Last Shaman,Abr.,"$17,844",4,"$6,799",1,5/12,6/8
561,Escapes,Ghop,"$17,778",4,"$1,339",1,7/28,-
562,Sacred,Argo.,"$17,740",4,"$4,149",1,5/5,7/9
563,Bad Grandmas,PDF,"$17,688",6,"$3,380",1,11/3,-
564,Harmonium,FM,"$17,191",4,"$3,453",1,6/16,9/14
565,Food Evolution,Abr.,"$17,181",3,"$2,851",1,6/23,8/3
566,Swim Team,Argo.,"$16,783",3,"$4,024",1,7/7,7/27
567,The Freedom to Marry,Argo.,"$16,611",3,"$6,142",1,3/3,4/20
568,Brave New Jersey,Grav.,"$16,544",14,"$13,437",14,8/4,-
569,Mission Control: The Unsung Heroes of Apollo,INDEP,"$16,405",15,N/A,N/A,4/14,4/20
570,Ichi The Killer (2017 re-release),WGUSA,"$16,189",3,"$2,750",1,11/10,-
571,Song of Granite,Osci.,"$16,182",7,"$3,096",1,11/15,-
572,All the Queen's Horses,Argo.,"$16,172",1,"$6,573",1,11/10,11/23
573,Kills on Wheels,KL,"$15,898",1,$380,1,10/20,11/23
574,Contemporary Color,Osci.,"$15,305",5,"$1,451",1,3/1,4/27
575,SHOT! The Psycho-Spiritual Mantra of Rock,Magn.,"$15,157",2,"$6,694",2,4/7,4/27
576,Porto,KL,"$15,126",2,"$2,090",1,11/17,2/15
577,Rebels on Pointe,Icar.,"$15,088",3,"$3,270",2,11/15,12/17
578,Paradise (2017),FM,"$14,873",3,"$2,401",1,10/6,12/14
579,Vince Giordano: There's a Future in the Past,FRun,"$14,807",1,"$6,285",1,1/13,-
580,The Farthest,Abr.,"$14,773",2,"$6,900",2,8/11,8/24
581,Last Men in Aleppo,Ghop,"$14,637",5,"$1,505",1,5/5,-
582,Antarctica: Ice & Sky,MBox,"$14,475",5,N/A,N/A,1/20,2/23
583,Brotherhood of Blades 2: The Infernal Battlefield,WGUSA,"$14,204",2,"$5,296",2,12/1,12/21
584,Abracadabra,Sony,"$13,975",10,"$1,942",10,9/15,12/7
585,Time to Die,FM,"$13,707",3,"$3,411",1,9/15,12/7
586,After Love,Distrib.,"$13,693",5,$810,1,8/9,9/28
587,Red Trees,Cohen,"$13,666",9,"$10,180",9,9/15,9/21
588,Legend of the Naga Pearls,WGUSA,"$13,588",4,"$5,122",4,8/25,9/7
589,Shadowman,FM,"$13,498",4,"$4,113",1,12/1,-
590,Charged,Gathr,"$13,484",3,N/A,N/A,10/4,11/30
591,Intent to Destroy,Abr.,"$13,194",3,"$8,699",3,11/10,11/19
592,Taipei Story (2017 re-release),Jan.,"$12,897",1,"$7,333",1,3/17,3/23
593,Permanent,Magn.,"$12,847",8,"$5,722",8,12/15,-
594,Junction 48,Orch.,"$12,795",2,"$5,516",2,3/3,3/16
595,In Search of Fellini,AMBI,"$12,772",3,"$10,796",3,9/15,-
596,Heal (2017),Pala.,"$12,668",1,"$12,668",1,10/20,10/22
597,Blind,VE,"$12,522",14,"$12,522",14,7/14,-
598,Felicite,Strand,"$12,433",5,"$1,713",1,10/27,-
599,Seven Beauties (2017 re-release),KL,"$12,408",2,"$1,536",1,4/14,6/15
600,4 Days in France,CGld,"$12,273",2,"$3,728",1,8/4,-
Totals:,"$11,076,670,784",-,-,-,-,-
Averages:,"$15,257,122",-,-,-,-,-
601,Staying Vertical,Strand,"$12,158",4,"$4,240",4,1/20,4/27
602,Dead Awake (2017),FR,"$11,528",12,"$8,834",12,5/12,5/18
603,Beside Bowie: The Mick Ronson Story,PDF,"$11,400",2,"$2,100",1,8/25,9/10
604,Saigon Bodyguards,CJ,"$11,314",2,"$2,252",1,2/3,3/19
605,The Pathological Optimist,TFA,"$11,222",2,"$5,946",1,9/29,10/8
606,Ugetsu (2017 re-release),Jan.,"$11,197",1,"$6,154",1,3/1,-
607,Sweet Virginia,IFC,"$11,089",8,"$5,183",1,11/17,12/7
608,The Challenge (2017),KL,"$11,043",5,"$2,171",1,9/8,12/14
609,Lovesong,Strand,"$10,626",3,"$1,718",1,2/17,4/27
610,Clarence (2017),Indic.,"$10,495",2,"$5,004",2,9/1,9/21
611,Painted Woman,Amor,"$10,298",4,N/A,N/A,11/10,12/17
612,Amelia 2.0,TriCoast,"$10,233",1,"$7,836",1,8/4,8/10
613,The Sunshine Makers,FR,"$10,042",7,"$1,874",1,1/20,2/9
614,Pelle the Conqueror (2017 re-release),FM,"$9,757",4,"$1,676",1,2/24,5/4
615,Machines,KL,"$9,710",1,"$2,838",1,8/9,11/19
616,Thirst Street,Gold.,"$9,129",3,"$1,737",1,9/22,11/23
617,Lycan,PDF,"$9,110",5,"$4,970",5,8/18,-
618,The Eyes,PDF,"$9,104",3,"$2,075",1,4/7,6/25
619,Julian Schnabel: A Private Portrait,Cohen,"$9,103",1,N/A,N/A,5/5,6/8
620,Amnesia,FM,"$8,700",2,"$1,202",1,7/21,8/17
621,Maigret Sets a Trap (2017 re-release),KL,"$8,528",1,"$2,556",1,10/20,11/16
622,We Are the Flesh,Arrow,"$8,438",3,$835,3,1/13,2/26
623,Gilbert,SD,"$8,362",1,"$8,362",1,11/3,11/5
624,Natasha,Men.,"$8,325",1,"$8,325",1,4/28,4/30
625,Mr. Chibbs,Abr.,"$8,302",1,"$3,163",1,5/3,5/25
626,Served Like a Girl,ENTMP,"$8,290",8,"$1,844",4,8/25,9/21
627,Anatahan (2017 re-release),KL,"$8,171",1,N/A,N/A,2/3,5/4
628,From Nowhere,FR,"$8,109",2,"$5,408",2,2/17,2/23
629,Swept Away (2017 re-release),KL,"$7,876",2,"$1,011",1,4/14,6/15
630,The Ballad of Lefty Brown,A24,"$7,856",2,"$5,559",2,12/15,12/21
631,Overdrive,VE,"$7,793",20,"$4,797",20,10/6,10/12
632,Maurizio Cattelan: Be Right Back,B360,"$7,706",2,N/A,N/A,4/14,4/27
633,The Wrong Light,CGld,"$7,553",1,"$5,429",1,7/14,-
634,Birthright: A War Story,Abr.,"$7,519",1,"$3,006",1,7/14,8/3
635,Frank Serpico,IFC,"$7,489",6,"$2,283",1,11/1,11/19
636,Big Time,Abr.,"$7,347",2,"$7,347",2,12/1,12/3
637,Another WolfCop,PDF,"$7,285",6,"$5,890",6,12/1,-
638,The Jazz Funeral,Indic.,"$7,103",2,"$3,792",2,3/10,3/23
639,The Dark Below,PDF,"$7,095",3,"$1,526",1,3/10,4/30
640,A Kind of Loving (2017 re-release),Rialto,"$6,912",1,"$3,278",1,4/7,4/13
641,Footnotes,MR,"$6,660",2,"$5,900",1,7/14,7/20
642,Suntan,Strand,"$6,643",1,"$1,629",1,3/10,6/1
643,The Persian Connection,Gold.,"$6,634",1,"$6,634",1,7/14,-
644,Elizabeth Blue,Global Digit,"$6,542",10,"$2,948",10,9/22,10/10
645,Scum (2017 re-release),KL,"$6,461",1,"$1,948",1,6/16,7/13
646,Last Rampage,EpicPics,"$6,294",18,"$3,054",18,9/22,10/5
647,Inseparables,FM,"$6,258",1,N/A,N/A,10/15,-
648,The Skyjacker's Tale,Strand,"$6,253",2,"$1,097",1,6/30,9/21
649,In the Steps of Trisha Brown,Icar.,"$6,230",4,"$1,232",1,2/7,-
650,Arise from Darkness,Indic.,"$6,112",1,N/A,N/A,1/6,2/16
651,The Fuzz,Indic.,"$6,067",2,"$2,236",2,7/21,8/17
652,On Wings of Eagles,AD,"$5,975",10,N/A,N/A,11/3,11/9
653,Tad the Lost Explorer and the Secret of King Midas,ParC,"$5,874",100,"$4,028",100,12/1,-
654,The Work,Orch.,"$5,853",2,"$3,286",2,10/27,11/2
655,The Vault,FR,"$5,728",11,"$4,308",11,9/1,9/7
656,Trespass Against Us,A24,"$5,711",20,"$1,620",20,1/20,2/16
657,The Ardennes,FM,"$5,638",6,$840,1,1/6,3/2
658,La Chinoise (2017 re-release),KL,"$5,631",1,"$2,340",1,7/21,7/30
659,No culpes al karma,Sony,"$5,614",10,"$3,660",10,3/24,4/2
660,Oro,Sony,"$5,539",10,"$2,571",10,12/1,12/17
661,Icaros: A Vision,Factory,"$5,510",1,"$5,510",1,5/19,5/21
662,The Reagan Show,Grav.,"$5,500",2,"$5,500",2,6/30,-
663,Man From Earth: Holocene,PDF,"$5,472",2,"$3,100",2,10/13,11/26
664,Reset,FR,"$5,454",2,"$2,198",2,1/13,2/9
665,Bad Lucky Goat,FM,"$5,088",4,$170,3,10/13,-
666,Company Town,FRun,"$4,934",1,"$2,150",1,9/8,-
667,Starless Dreams,CGld,"$4,776",2,$707,1,1/20,7/2
668,Shot,Pala.,"$4,701",10,N/A,N/A,9/22,9/28
669,Night School (2017),Osci.,"$4,663",2,"$1,588",1,6/9,6/29
670,I Love You Both,Magn.,"$4,661",7,"$3,236",7,6/9,6/29
671,Tribes of Palos Verdes,IFC,"$4,651",9,$796,1,12/1,-
672,Shakespeare Wallah (re-issue),Cohen,"$4,650",1,"$3,378",1,11/10,11/16
673,A Boy Called Po,Free,"$4,550",10,"$2,693",10,9/1,9/7
674,Vengeance: A Love Story,FR,"$4,526",11,"$4,526",11,9/15,9/17
675,The Pulitzer at 100,FRun,"$4,489",1,"$2,577",1,7/21,7/27
676,German Concentration Camps Factual Survey,FRun,"$4,468",1,"$3,000",1,1/6,1/12
677,Generation Iron 2,VLA,"$4,439",2,N/A,2,5/12,-
678,30-Love,N/A,"$4,392",1,N/A,N/A,9/29,-
679,My Father Die,FR,"$4,252",10,"$3,229",10,1/20,1/26
680,Singularity,VE,"$4,176",75,$533,10,11/3,-
681,Badsville,EpicPics,"$4,153",2,"$3,050",2,12/1,12/3
682,Dreamboat,Strand,"$3,981",1,"$2,199",1,11/3,11/16
683,The Woman Who Left,KL,"$3,974",1,"$2,018",1,5/19,6/29
684,Second Nature,Smarthouse,"$3,774",1,N/A,1,9/8,9/14
685,Bugs,KL,"$3,742",3,N/A,N/A,6/5,11/9
686,Soul on a String,FM,"$3,669",2,"$1,355",2,5/19,7/6
687,Emily (2017),Hiber,"$3,642",2,"$1,164",1,1/27,4/30
688,La Belle Noiseuse (re-issue),Cohen,"$3,540",1,"$1,887",1,11/24,11/30
689,Who's Crazy? (2017 re-release),KL,"$3,497",2,"$1,355",1,3/10,6/15
690,"Love, Sweat and Tears",KL,"$3,482",2,$512,1,4/7,5/4
691,Dalida,UTMW,"$3,465",1,N/A,N/A,8/26,9/25
692,Speed Sisters,FRun,"$3,423",2,$370,1,1/27,2/16
693,Amanda & Jack Go Glamping,Orion,"$3,352",12,"$3,352",12,11/10,11/16
694,Bad Match,Orion,"$3,351",10,N/A,N/A,11/3,11/9
695,Planetarium,Swen,"$3,262",1,$625,1,8/11,8/31
696,Justice (2017),INDEP,"$3,259",10,"$2,154",10,9/15,-
697,Heal the Living,Cohen,"$3,176",2,"$3,176",2,4/14,4/16
698,The Levelling,Mont.,"$3,040",4,$160,1,3/24,5/7
699,Kepler's Dream,INDEP,"$2,923",11,"$1,582",11,12/1,12/14
700,Demons,Uncork'd,"$2,900",3,"$1,202",2,10/5,10/19
Totals:,"$11,076,670,784",-,-,-,-,-
Averages:,"$15,257,122",-,-,-,-,-
701,1898: Los ultimos de Filipinas,Sony,"$2,848",10,"$1,844",10,3/3,3/9
702,I Dream In Another Language,FR,"$2,739",1,$810,1,7/28,8/10
703,Santoalla,Osci.,"$2,684",1,$489,1,7/19,8/3
704,Daughter of the Nile (re-issue),Cohen,"$2,640",1,N/A,N/A,10/27,11/2
705,Take Me,Orch.,"$2,583",2,"$2,583",2,5/5,5/7
706,Apprentice,FM,"$2,578",3,N/A,N/A,3/3,4/20
707,Miles,Free,"$2,537",2,"$2,147",2,6/9,6/15
708,Miss Kiet's Children,Icar.,"$2,529",2,"$2,529",2,12/13,-
709,Red Christmas,Artsploitati,"$2,255",3,$280,1,8/25,10/19
710,Behind the White Glasses,KL,"$2,223",1,$900,1,4/21,6/15
711,7 From Etheria,PDF,"$2,208",2,$940,1,7/7,-
712,Dayveon,FR,"$2,077",3,"$1,592",3,9/13,9/21
713,The Ghoul,Arrow,"$2,032",4,$249,1,8/4,8/31
714,"Accidental Courtesy: Daryl Davis, Race & America",FRun,"$1,940",1,"$1,452",1,1/6,1/12
715,Detour,Magn.,"$1,788",5,$145,5,1/20,1/26
716,Almost Friends,Orion,"$1,481",12,N/A,N/A,11/17,11/23
717,The Outcasts,Swen,"$1,455",11,"$1,008",11,4/14,4/20
718,Forest for the Trees (2017 re-release),FM,"$1,410",1,N/A,N/A,1/18,3/9
719,It's Not Yet Dark,FR,"$1,227",2,$811,2,8/4,8/10
720,A Different American Dream,FRun,"$1,172",1,$848,N/A,1/6,1/12
721,The Penguin Counters,FRun,$976,1,$976,1,4/21,4/23
722,Extraordinary Ordinary People,FRun,$880,1,$744,1,9/15,9/21
723,Amityville: The Awakening,W/Dim.,$742,10,$742,10,10/28,10/28
724,Max & Leon,Distrib.,$543,1,N/A,N/A,3/15,3/16
725,The Student,UTMW,$512,1,N/A,N/A,4/14,5/4
726,2:22,Magn.,$422,3,$294,3,6/30,7/6
Totals:,"$11,076,670,784",-,-,-,-,-
Averages:,"$15,257,122",-,-,-,-,-
